"date","site","avg_cl","avg_na","avg_so4","avg_dust","avg_no3","avg_msa","avg_nh4","avg_ncl","total_aerosol","month"
1987-10-21,"Wellington19871996",1.992,1.542,2.753,NA,0.81,NA,0.7525,3.91975919755718,6.67275919755718,"OCT"
1987-10-26,"Wellington19871996",1.511,1.117,0.937,NA,0.367,NA,0.1686,2.83941052118766,3.77641052118766,"OCT"
1987-11-02,"Wellington19871996",6.723,3.851,1.476,NA,0.311,NA,0.0388,9.78923000635064,11.2652300063506,"NOV"
1987-11-09,"Wellington19871996",2.471,1.431,0.996,NA,0.289,NA,0.1072,3.63759754325831,4.63359754325831,"NOV"
1987-11-16,"Wellington19871996",3.093,1.854,1.428,NA,0.129,NA,0.0729,4.71286222585668,6.14086222585668,"NOV"
1987-11-23,"Wellington19871996",2.238,1.665,1.352,NA,0.395,NA,0.1562,4.23242481448295,5.58442481448295,"NOV"
1987-11-30,"Wellington19871996",7.568,4.076,1.426,NA,0.152,NA,0.0505,10.3611793056051,11.7871793056051,"NOV"
1987-12-07,"Wellington19871996",4.968,2.887,1.195,NA,0.215,NA,0.0537,7.33874500865601,8.53374500865601,"DEC"
1987-12-14,"Wellington19871996",1.938,1.555,1.194,NA,0.627,NA,0.2015,3.95280515706966,5.14680515706966,"DEC"
1987-12-21,"Wellington19871996",4.123,2.373,1.112,NA,0.356,NA,0.1009,6.03215860947029,7.14415860947029,"DEC"
1988-01-04,"Wellington19871996",4.531,2.566,0.992,NA,0.184,NA,0.0644,6.52276400838633,7.51476400838633,"JAN"
1988-01-11,"Wellington19871996",9.305,5.264,1.882,NA,0.283,NA,0.0897,13.3810716056686,15.2630716056686,"JAN"
1988-01-18,"Wellington19871996",8.79,5.088,1.778,NA,0.304,NA,0.0747,12.9336801538073,14.7116801538073,"JAN"
1988-01-25,"Wellington19871996",2.571,1.719,1.346,NA,0.48,NA,0.2082,4.36969264630401,5.71569264630401,"JAN"
1988-02-01,"Wellington19871996",4.012,2.391,1.859,NA,0.514,NA,0.2168,6.07791455341064,7.93691455341064,"FEB"
1988-02-08,"Wellington19871996",1.66,1.178,1.007,NA,0.523,NA,0.089,2.99447233120775,4.00147233120775,"FEB"
1988-02-15,"Wellington19871996",2.987,1.721,1.488,NA,0.33,NA,0.1798,4.37477664007516,5.86277664007516,"FEB"
1988-02-22,"Wellington19871996",9.745,5.508,1.73,NA,0.177,NA,0.0308,14.001318845749,15.731318845749,"FEB"
1988-02-29,"Wellington19871996",8.501,4.887,1.901,NA,0.594,NA,0.105,12.4227387798067,14.3237387798067,"FEB"
1988-03-07,"Wellington19871996",6.445,3.704,1.662,NA,0.321,NA,0.0701,9.41555646417107,11.0775564641711,"MAR"
1988-03-14,"Wellington19871996",7.251,4.184,1.281,NA,0.216,NA,0.0302,10.6357149692472,11.9167149692472,"MAR"
1988-03-21,"Wellington19871996",5.327,3.215,1.899,NA,0.609,NA,0.1668,8.17251998712472,10.0715199871247,"MAR"
1988-03-28,"Wellington19871996",6.65,3.76,1.416,NA,0.339,NA,0.0443,9.55790828976328,10.9739082897633,"MAR"
1988-04-04,"Wellington19871996",6.91,4.014,1.395,NA,0.333,NA,0.0572,10.2035754986994,11.5985754986994,"APR"
1988-04-11,"Wellington19871996",5.622,3.347,1.845,NA,0.324,NA,0.0969,8.50806357602067,10.3530635760207,"APR"
1988-04-18,"Wellington19871996",5.648,3.21,1.591,NA,0.335,NA,0.0922,8.15981000269685,9.75081000269685,"APR"
1988-04-25,"Wellington19871996",1.656,1.303,1.408,NA,0.623,NA,0.2682,3.31222194190467,4.72022194190467,"APR"
1988-05-02,"Wellington19871996",5.358,2.936,1.135,NA,0.301,NA,0.0395,7.4633028560492,8.59830285604921,"MAY"
1988-05-09,"Wellington19871996",4.562,2.47,0.941,NA,0.201,NA,0.0213,6.2787323073711,7.2197323073711,"MAY"
1988-05-16,"Wellington19871996",9.44,5.194,1.898,NA,0.32,NA,0.0465,13.2031318236783,15.1011318236783,"MAY"
1988-05-23,"Wellington19871996",2.481,1.359,0.76,NA,0.513,NA,0.0793,3.45457376749689,4.21457376749689,"MAY"
1988-05-30,"Wellington19871996",2.953,1.717,1.523,NA,0.705,NA,0.2021,4.36460865253286,5.88760865253286,"MAY"
1988-06-06,"Wellington19871996",5.392,2.791,1.116,NA,0.396,NA,0.2123,7.09471330764078,8.21071330764078,"JUN"
1988-06-13,"Wellington19871996",2.664,1.606,1.519,NA,0.31,NA,0.207,4.082446998234,5.601446998234,"JUN"
1988-06-20,"Wellington19871996",3.15,1.798,0.881,NA,0.483,NA,0.0387,4.57051040026447,5.45151040026447,"JUN"
1988-06-27,"Wellington19871996",8.054,4.427,1.512,NA,0.254,NA,0.0553,11.253420212442,12.765420212442,"JUN"
1988-07-04,"Wellington19871996",5.788,3.222,1.404,NA,0.233,NA,0.0631,8.19031396532375,9.59431396532375,"JUL"
1988-07-11,"Wellington19871996",6.04,3.287,1.397,NA,0.464,NA,0.2158,8.35554376288615,9.75254376288615,"JUL"
1988-07-20,"Wellington19871996",2.646,1.63,1.022,NA,0.275,NA,0.0685,4.14345492348781,5.16545492348781,"JUL"
1988-07-27,"Wellington19871996",6.823,3.829,1.469,NA,0.264,NA,0.0359,9.73330607486799,11.202306074868,"JUL"
1988-08-01,"Wellington19871996",5.61,2.936,1.214,NA,0.353,NA,0.2347,7.4633028560492,8.6773028560492,"AUG"
1988-08-08,"Wellington19871996",3.054,1.919,1.56,NA,0.182,NA,0.1085,4.87809202341908,6.43809202341908,"AUG"
1988-08-15,"Wellington19871996",5.774,3.366,1.498,NA,0.331,NA,0.0474,8.5563615168466,10.0543615168466,"AUG"
1988-08-22,"Wellington19871996",4.738,2.741,1.297,NA,0.331,NA,0.0594,6.96761346336201,8.26461346336201,"AUG"
1988-08-29,"Wellington19871996",4.025,2.309,1.023,NA,0.346,NA,0.0364,5.86947080879347,6.89247080879347,"AUG"
1988-09-05,"Wellington19871996",6.534,3.698,1.433,NA,0.183,NA,0.0282,9.40030448285762,10.8333044828576,"SEP"
1988-09-12,"Wellington19871996",7.744,4.364,1.391,NA,0.179,NA,0.0419,11.0932744086508,12.4842744086508,"SEP"
1988-09-19,"Wellington19871996",2.461,1.489,0.772,NA,0.495,NA,0.065,3.78503336262168,4.55703336262168,"SEP"
1988-09-26,"Wellington19871996",3.493,2.026,1.191,NA,0.371,NA,0.1469,5.15008569017564,6.34108569017564,"SEP"
1988-10-03,"Wellington19871996",9.095,4.997,1.692,NA,0.268,NA,0.0395,12.70235843722,14.39435843722,"OCT"
1988-10-10,"Wellington19871996",8.79,4.922,1.469,NA,0.174,NA,0.0184,12.5117086708018,13.9807086708018,"OCT"
1988-10-17,"Wellington19871996",11.76,6.436,1.929,NA,0.187,NA,0.0203,16.3602919555629,18.2892919555629,"OCT"
1988-10-24,"Wellington19871996",10.329,5.722,1.834,NA,0.313,NA,0.0475,14.5453061792621,16.3793061792621,"OCT"
1988-10-31,"Wellington19871996",8.875,4.971,1.943,NA,0.339,NA,0.0762,12.636266518195,14.579266518195,"OCT"
1988-11-07,"Wellington19871996",4.484,2.646,1.682,NA,0.413,NA,0.0941,6.72612375923236,8.40812375923235,"NOV"
1988-11-14,"Wellington19871996",7.038,3.906,1.564,NA,0.43,NA,0.095,9.92903983505729,11.4930398350573,"NOV"
1988-11-21,"Wellington19871996",3.064,1.788,1.241,NA,0.507,NA,0.1033,4.54509043140871,5.78609043140871,"NOV"
1988-11-28,"Wellington19871996",1.87,1.384,1.432,NA,0.457,NA,0.2307,3.51812368963627,4.95012368963627,"NOV"
1988-12-05,"Wellington19871996",4.675,2.63,1.675,NA,0.428,NA,0.1805,6.68545180906315,8.36045180906315,"DEC"
1988-12-12,"Wellington19871996",7.501,4.05,2.043,NA,0.402,NA,0.0958,10.2950873865801,12.3380873865801,"DEC"
1988-12-19,"Wellington19871996",5.12,3.136,2.605,NA,1.164,NA,0.2817,7.97170223316427,10.5767022331643,"DEC"
1988-12-28,"Wellington19871996",3.695,2.244,1.875,NA,0.407,NA,0.1777,5.70424101123107,7.57924101123107,"DEC"
1989-01-08,"Wellington19871996",4.349,2.366,1.463,NA,0.32,NA,0.1474,6.01436463127126,7.47736463127126,"JAN"
1989-01-16,"Wellington19871996",3.203,2.022,1.211,NA,0.55,NA,0.1467,5.13991770263334,6.35091770263334,"JAN"
1989-01-23,"Wellington19871996",4.254,2.507,1.352,NA,0.223,NA,0.092,6.37278619213738,7.72478619213738,"JAN"
1989-01-30,"Wellington19871996",2.112,1.588,1.654,NA,1.112,NA,0.3495,4.03669105429364,5.69069105429364,"JAN"
1989-02-06,"Wellington19871996",6.901,4.115,1.82,NA,0.295,NA,0.0604,10.4603171841425,12.2803171841425,"FEB"
1989-02-13,"Wellington19871996",5.145,3.073,1.657,NA,0.371,NA,0.1806,7.81155642937303,9.46855642937303,"FEB"
1989-02-20,"Wellington19871996",5.326,3.203,1.719,NA,0.513,NA,0.1509,8.14201602449782,9.86101602449782,"FEB"
1989-02-27,"Wellington19871996",4.319,2.553,1.419,NA,0.555,NA,0.1654,6.48971804887385,7.90871804887385,"FEB"
1989-03-06,"Wellington19871996",2.977,1.847,1.65,NA,0.687,NA,0.2622,4.69506824765766,6.34506824765766,"MAR"
1989-03-13,"Wellington19871996",5.284,3.054,1.283,NA,0.309,NA,0.0937,7.76325848854709,9.04625848854709,"MAR"
1989-03-20,"Wellington19871996",5.421,3.005,1.084,NA,0.297,NA,0.0446,7.6387006411539,8.7227006411539,"MAR"
1989-03-27,"Wellington19871996",4.498,2.597,1.058,NA,0.439,NA,0.054,6.60156591183916,7.65956591183916,"MAR"
1989-04-03,"Wellington19871996",4.611,2.734,1.587,NA,0.822,NA,0.1337,6.94981948516299,8.53681948516298,"APR"
1989-04-10,"Wellington19871996",6.827,3.853,1.464,NA,0.382,NA,0.048,9.79431400012179,11.2583140001218,"APR"
1989-04-17,"Wellington19871996",4.021,2.365,0.985,NA,0.441,NA,0.0654,6.01182263438568,6.99682263438568,"APR"
1989-04-24,"Wellington19871996",5.257,2.89,1.051,NA,0.396,NA,0.0268,7.34637099931274,8.39737099931274,"APR"
1989-05-01,"Wellington19871996",1.656,1.23,0.833,NA,0.37,NA,0.0675,3.12665616925767,3.95965616925767,"MAY"
1989-05-08,"Wellington19871996",3.712,1.947,0.854,NA,0.31,NA,0.0372,4.94926793621519,5.80326793621519,"MAY"
1989-05-15,"Wellington19871996",2.8,1.615,0.794,NA,0.314,NA,0.0434,4.10532497020418,4.89932497020418,"MAY"
1989-05-22,"Wellington19871996",4.222,2.39,1.128,NA,0.308,NA,0.0529,6.07537255652507,7.20337255652507,"MAY"
1989-05-29,"Wellington19871996",5.999,3.39,1.173,NA,0.196,NA,0.0257,8.61736944210041,9.79036944210041,"MAY"
1989-06-05,"Wellington19871996",5.117,2.905,1.047,NA,0.309,NA,0.0571,7.38450095259637,8.43150095259637,"JUN"
1989-06-12,"Wellington19871996",4.826,2.804,0.947,NA,0.205,NA,0.0301,7.12775926715326,8.07475926715326,"JUN"
1989-06-19,"Wellington19871996",4.188,2.317,0.916,NA,0.266,NA,0.0343,5.88980678387807,6.80580678387807,"JUN"
1989-06-26,"Wellington19871996",4.209,2.375,0.965,NA,0.375,NA,0.0277,6.03724260324144,7.00224260324144,"JUN"
1989-07-03,"Wellington19871996",1.942,1.362,0.686,NA,0.391,NA,0.0647,3.46219975815362,4.14819975815362,"JUL"
1989-07-10,"Wellington19871996",3.354,1.855,0.867,NA,0.381,NA,0.0761,4.71540422274226,5.58240422274226,"JUL"
1989-07-17,"Wellington19871996",3.972,2.197,0.891,NA,0.149,NA,0.0248,5.58476715760903,6.47576715760903,"JUL"
1989-07-24,"Wellington19871996",2.235,1.393,0.848,NA,0.675,NA,0.2445,3.54100166160645,4.38900166160645,"JUL"
1989-07-31,"Wellington19871996",1.086,0.744,0.702,NA,0.77,NA,0.0957,1.89124568286805,2.59324568286805,"JUL"
1989-08-07,"Wellington19871996",1.657,1.239,1.162,NA,0.449,NA,0.1383,3.14953414122785,4.31153414122785,"AUG"
1989-08-14,"Wellington19871996",3.768,2.124,1.173,NA,0.104,NA,0.0506,5.39920138496203,6.57220138496203,"AUG"
1989-08-21,"Wellington19871996",1.068,0.71,0.625,NA,0.311,NA,0.0489,1.80481778875849,2.42981778875849,"AUG"
1989-08-28,"Wellington19871996",2.85,1.66,0.992,NA,0.321,NA,0.074,4.21971483005507,5.21171483005507,"AUG"
1989-09-04,"Wellington19871996",2.479,1.347,0.948,NA,0.682,NA,0.1456,3.42406980486999,4.37206980486999,"SEP"
1989-09-11,"Wellington19871996",1.335,0.964,0.55,NA,0.072,NA,0.0315,2.45048499769463,3.00048499769463,"SEP"
1989-09-18,"Wellington19871996",1.502,1.162,0.897,NA,0.407,NA,0.1567,2.95380038103855,3.85080038103855,"SEP"
1989-09-25,"Wellington19871996",1.742,1.244,1.199,NA,0.474,NA,0.2228,3.16224412565573,4.36124412565573,"SEP"
1989-10-02,"Wellington19871996",3.462,2.044,1.75,NA,0.294,NA,0.2823,5.195841634116,6.945841634116,"OCT"
1989-10-09,"Wellington19871996",5.281,3.018,1.153,NA,0.263,NA,0.0428,7.67174660066638,8.82474660066638,"OCT"
1989-10-16,"Wellington19871996",8.932,5.072,1.747,NA,0.288,NA,0.0525,12.8930082036381,14.6400082036381,"OCT"
1989-10-23,"Wellington19871996",5.084,2.914,1.109,NA,0.356,NA,0.0456,7.40737892456655,8.51637892456655,"OCT"
1989-10-30,"Wellington19871996",4.614,2.691,1.319,NA,0.371,NA,0.0845,6.84051361908325,8.15951361908325,"OCT"
1989-11-06,"Wellington19871996",4.695,2.852,1.471,NA,0.584,NA,0.1428,7.24977511766088,8.72077511766087,"NOV"
1989-11-13,"Wellington19871996",5.174,2.926,1.178,NA,0.294,NA,0.0469,7.43788288719345,8.61588288719345,"NOV"
1989-11-20,"Wellington19871996",5.197,3.018,1.256,NA,0.272,NA,0.0549,7.67174660066638,8.92774660066638,"NOV"
1989-11-27,"Wellington19871996",4.373,2.647,1.098,NA,0.248,NA,0.05,6.72866575611793,7.82666575611793,"NOV"
1989-12-04,"Wellington19871996",5.412,3.307,1.393,NA,0.152,NA,0.0721,8.40638370059766,9.79938370059766,"DEC"
1989-12-11,"Wellington19871996",3.414,2.179,1.694,NA,0.276,NA,0.2201,5.53901121366867,7.23301121366867,"DEC"
1989-12-18,"Wellington19871996",6.148,3.618,1.535,NA,0.241,NA,0.0827,9.19694473201159,10.7319447320116,"DEC"
1989-12-29,"Wellington19871996",5.829,3.479,1.238,NA,0.153,NA,0.0687,8.84360716491662,10.0816071649166,"DEC"
1990-01-08,"Wellington19871996",5.598,3.429,1.283,NA,0.268,NA,0.0704,8.71650732063785,9.99950732063785,"JAN"
1990-01-15,"Wellington19871996",7.254,4.289,1.412,NA,0.191,NA,0.0565,10.9026246422326,12.3146246422326,"JAN"
1990-01-22,"Wellington19871996",2.398,1.676,1.297,NA,0.676,NA,0.1648,4.26038678022427,5.55738678022427,"JAN"
1990-01-29,"Wellington19871996",2.7,1.788,1.542,NA,0.64,NA,0.1817,4.54509043140871,6.08709043140871,"JAN"
1990-02-05,"Wellington19871996",2.091,1.429,1.4,NA,0.56,NA,0.2108,3.63251354948716,5.03251354948716,"FEB"
1990-02-12,"Wellington19871996",1.469,1.299,1.196,NA,0.709,NA,0.2042,3.30205395436237,4.49805395436237,"FEB"
1990-02-19,"Wellington19871996",3.336,2.156,1.855,NA,0.768,NA,0.2783,5.48054528530044,7.33554528530044,"FEB"
1990-02-26,"Wellington19871996",5.784,3.317,1.507,NA,0.354,NA,0.092,8.43180366945341,9.93880366945341,"FEB"
1990-03-06,"Wellington19871996",2.877,1.838,1.15,NA,0.696,NA,0.1297,4.67219027568748,5.82219027568748,"MAR"
1990-03-12,"Wellington19871996",2.451,1.414,0.77,NA,0.305,NA,0.0806,3.59438359620353,4.36438359620353,"MAR"
1990-03-19,"Wellington19871996",5.128,2.976,1.424,NA,0.438,NA,0.0875,7.56498273147222,8.98898273147222,"MAR"
1990-03-26,"Wellington19871996",6.295,3.652,1.496,NA,0.435,NA,0.0605,9.28337262612115,10.7793726261211,"MAR"
1990-04-02,"Wellington19871996",9.546,5.4,1.709,NA,0.293,NA,0.0301,13.7267831821068,15.4357831821068,"APR"
1990-04-09,"Wellington19871996",2.718,1.683,0.899,NA,0.483,NA,0.0609,4.2781807584233,5.1771807584233,"APR"
1990-04-16,"Wellington19871996",5.297,3.018,1.17,NA,0.284,NA,0.053,7.67174660066638,8.84174660066638,"APR"
1990-04-23,"Wellington19871996",4.646,2.634,1.105,NA,0.296,NA,0.0548,6.69561979660545,7.80061979660545,"APR"
1990-04-30,"Wellington19871996",7.672,4.256,1.485,NA,0.317,NA,0.0544,10.8187387450087,12.3037387450087,"APR"
1990-05-07,"Wellington19871996",5.749,3.27,1.296,NA,0.372,NA,0.0404,8.31232981583137,9.60832981583137,"MAY"
1990-05-14,"Wellington19871996",4.479,2.519,0.864,NA,0.209,NA,0.0212,6.40329015476429,7.26729015476429,"MAY"
1990-05-21,"Wellington19871996",5.346,2.948,0.959,NA,0.189,NA,0.0219,7.49380681867611,8.45280681867611,"MAY"
1990-05-28,"Wellington19871996",5.8,3.206,1.112,NA,0.41,NA,0.0427,8.14964201515455,9.26164201515455,"MAY"
1990-06-04,"Wellington19871996",6.24,3.42,1.153,NA,0.221,NA,0.0272,8.69362934866767,9.84662934866767,"JUN"
1990-06-11,"Wellington19871996",3.194,1.797,1.154,NA,0.224,NA,0.1522,4.56796840337889,5.72196840337889,"JUN"
1990-06-18,"Wellington19871996",3.396,1.885,0.889,NA,0.309,NA,0.0842,4.79166412930952,5.68066412930952,"JUN"
1990-06-25,"Wellington19871996",4.446,2.595,1.004,NA,0.324,NA,0.0575,6.59648191806801,7.60048191806801,"JUN"
1990-07-02,"Wellington19871996",2.216,1.559,0.761,NA,0.472,NA,0.1513,3.96297314461196,4.72397314461196,"JUL"
1990-07-09,"Wellington19871996",4.061,2.318,0.796,NA,0.257,NA,0.0161,5.89234878076364,6.68834878076364,"JUL"
1990-07-16,"Wellington19871996",2.518,1.475,0.925,NA,0.308,NA,0.071,3.74944540622363,4.67444540622363,"JUL"
1990-07-23,"Wellington19871996",4.71,2.686,1.146,NA,0.459,NA,0.1069,6.82780363465537,7.97380363465537,"JUL"
1990-07-30,"Wellington19871996",2.859,1.653,0.945,NA,0.422,NA,0.0702,4.20192085185604,5.14692085185604,"JUL"
1990-08-06,"Wellington19871996",3.937,2.294,1.06,NA,0.375,NA,0.0775,5.83134085550984,6.89134085550983,"AUG"
1990-08-13,"Wellington19871996",4.717,2.656,0.978,NA,0.335,NA,0.0477,6.75154372808811,7.72954372808811,"AUG"
1990-08-20,"Wellington19871996",2.64,1.504,0.832,NA,0.211,NA,0.0368,3.82316331590531,4.65516331590532,"AUG"
1990-08-31,"Wellington19871996",2.159,1.298,0.835,NA,0.404,NA,0.0435,3.29951195747679,4.13451195747679,"AUG"
1990-09-11,"Wellington19871996",3.753,2.184,0.983,NA,0.258,NA,0.062,5.55172119809655,6.53472119809655,"SEP"
1990-09-17,"Wellington19871996",3.478,1.969,0.816,NA,0.243,NA,0.0287,5.00519186769785,5.82119186769785,"SEP"
1990-09-24,"Wellington19871996",3.884,2.31,1.052,NA,0.336,NA,0.063,5.87201280567904,6.92401280567904,"SEP"
1990-10-01,"Wellington19871996",4.296,2.478,0.867,NA,0.178,NA,0.0288,6.2990682824557,7.1660682824557,"OCT"
1990-10-08,"Wellington19871996",4.64,2.732,0.924,NA,0.187,NA,0.0343,6.94473549139184,7.86873549139184,"OCT"
1990-10-15,"Wellington19871996",2.911,1.775,0.933,NA,0.364,NA,0.085,4.51204447189623,5.44504447189623,"OCT"
1990-10-22,"Wellington19871996",2.02,1.551,0.925,NA,0.508,NA,0.1465,3.94263716952736,4.86763716952736,"OCT"
1990-10-29,"Wellington19871996",6.817,3.864,1.473,NA,0.228,NA,0.0597,9.82227596586312,11.2952759658631,"OCT"
1990-11-05,"Wellington19871996",4.817,3.012,1.289,NA,0.406,NA,0.1214,7.65649461935293,8.94549461935293,"NOV"
1990-11-12,"Wellington19871996",2.964,1.769,1.058,NA,0.371,NA,0.1511,4.49679249058278,5.55479249058278,"NOV"
1990-11-19,"Wellington19871996",3.431,1.983,1.099,NA,0.354,NA,0.0866,5.0407798240959,6.1397798240959,"NOV"
1990-11-26,"Wellington19871996",5.034,2.833,1.128,NA,0.224,NA,0.0409,7.20147717683494,8.32947717683494,"NOV"
1990-12-03,"Wellington19871996",7.15,3.982,1.448,NA,0.223,NA,0.0749,10.122231598361,11.570231598361,"DEC"
1990-12-10,"Wellington19871996",6.338,3.623,1.636,NA,0.242,NA,0.1582,9.20965471643947,10.8456547164395,"DEC"
1990-12-17,"Wellington19871996",7.218,4.108,1.565,NA,0.33,NA,0.0767,10.4425232059435,12.0075232059435,"DEC"
1990-12-27,"Wellington19871996",6.797,3.927,1.448,NA,0.288,NA,0.0829,9.98242176965437,11.4304217696544,"DEC"
1991-01-07,"Wellington19871996",7.092,4.047,1.501,NA,0.323,NA,0.0797,10.2874613959234,11.7884613959234,"JAN"
1991-01-14,"Wellington19871996",5.645,3.23,1.215,NA,0.305,NA,0.0654,8.21064994040836,9.42564994040836,"JAN"
1991-01-21,"Wellington19871996",2.851,1.759,1.154,NA,0.378,NA,0.1672,4.47137252172703,5.62537252172703,"JAN"
1991-01-28,"Wellington19871996",6.084,3.38,1.35,NA,0.265,NA,0.0756,8.59194947324466,9.94194947324466,"JAN"
1991-02-04,"Wellington19871996",4.944,2.903,1.329,NA,0.327,NA,0.0941,7.37941695882522,8.70841695882522,"FEB"
1991-02-11,"Wellington19871996",2.145,1.449,1.291,NA,0.573,NA,0.2275,3.68335348719867,4.97435348719867,"FEB"
1991-02-20,"Wellington19871996",4.981,2.911,1.23,NA,0.374,NA,0.058,7.39975293390982,8.62975293390982,"FEB"
1991-02-27,"Wellington19871996",7.592,4.243,1.538,NA,0.245,NA,0.0437,10.7856927854962,12.3236927854962,"FEB"
1991-03-04,"Wellington19871996",4.081,2.417,1.195,NA,0.258,NA,0.0487,6.1440064724356,7.3390064724356,"MAR"
1991-03-11,"Wellington19871996",2.185,1.329,0.82,NA,0.386,NA,0.0705,3.37831386092963,4.19831386092963,"MAR"
1991-03-18,"Wellington19871996",1.156,0.908,0.76,NA,0.464,NA,0.0911,2.30813317210241,3.06813317210241,"MAR"
1991-03-27,"Wellington19871996",2.461,1.542,1.022,NA,0.593,NA,0.0984,3.91975919755718,4.94175919755718,"MAR"
1991-04-03,"Wellington19871996",7.105,4.082,1.458,NA,0.417,NA,0.0804,10.3764312869185,11.8344312869185,"APR"
1991-04-08,"Wellington19871996",7.201,3.812,1.31,NA,0.123,NA,0.0263,9.6900921278132,11.0000921278132,"APR"
1991-04-15,"Wellington19871996",3.337,2.026,1.007,NA,0.537,NA,0.0868,5.15008569017564,6.15708569017564,"APR"
1991-04-22,"Wellington19871996",5.031,2.799,0.934,NA,0.166,NA,0.0198,7.11504928272538,8.04904928272538,"APR"
1991-04-29,"Wellington19871996",1.946,1.386,0.665,NA,0.289,NA,0.043,3.52320768340742,4.18820768340742,"APR"
1991-05-06,"Wellington19871996",3.529,1.977,1.032,NA,0.398,NA,0.1471,5.02552784278245,6.05752784278245,"MAY"
1991-05-13,"Wellington19871996",5.94,3.353,1.171,NA,0.332,NA,0.0259,8.52331555733412,9.69431555733412,"MAY"
1991-05-20,"Wellington19871996",4.962,2.813,1.067,NA,0.469,NA,0.0252,7.15063723912344,8.21763723912344,"MAY"
1991-05-27,"Wellington19871996",1.989,1.373,0.802,NA,0.549,NA,0.1537,3.49016172389494,4.29216172389494,"MAY"
1991-06-03,"Wellington19871996",5.575,3.074,1.131,NA,0.293,NA,0.0752,7.8140984262586,8.9450984262586,"JUN"
1991-06-10,"Wellington19871996",5.519,3.116,1.25,NA,0.307,NA,0.062,7.92086229545277,9.17086229545277,"JUN"
1991-06-17,"Wellington19871996",4.344,2.428,0.968,NA,0.317,NA,0.046,6.17196843817693,7.13996843817693,"JUN"
1991-06-24,"Wellington19871996",3.678,2.072,0.884,NA,0.268,NA,0.0649,5.26701754691211,6.15101754691211,"JUN"
1991-07-01,"Wellington19871996",4.433,2.524,1.055,NA,0.298,NA,0.0635,6.41600013919216,7.47100013919216,"JUL"
1991-07-08,"Wellington19871996",2.124,1.289,1.074,NA,0.609,NA,0.1737,3.27663398550662,4.35063398550662,"JUL"
1991-07-15,"Wellington19871996",1.568,1.054,0.965,NA,0.364,NA,0.1965,2.67926471739641,3.64426471739641,"JUL"
1991-07-22,"Wellington19871996",4.222,2.35,0.798,NA,0.196,NA,0.0172,5.97369268110205,6.77169268110205,"JUL"
1991-07-29,"Wellington19871996",4.979,2.79,0.924,NA,0.236,NA,0.0147,7.0921713107552,8.0161713107552,"JUL"
1991-08-05,"Wellington19871996",8.737,4.828,1.526,NA,0.29,NA,0.0284,12.2727609635578,13.7987609635578,"AUG"
1991-08-12,"Wellington19871996",7.68,4.333,1.449,NA,0.305,NA,0.049,11.014472505198,12.463472505198,"AUG"
1991-08-19,"Wellington19871996",4.735,2.646,1.025,NA,0.289,NA,0.052,6.72612375923236,7.75112375923235,"AUG"
1991-08-26,"Wellington19871996",2.986,1.809,1.521,NA,0.41,NA,0.2732,4.59847236600579,6.11947236600579,"AUG"
1991-09-02,"Wellington19871996",3.044,1.717,0.976,NA,0.426,NA,0.1581,4.36460865253286,5.34060865253286,"SEP"
1991-09-09,"Wellington19871996",3.696,2.123,1.21,NA,0.335,NA,0.1856,5.39665938807645,6.60665938807645,"SEP"
1991-09-16,"Wellington19871996",3.451,1.981,0.965,NA,0.324,NA,0.075,5.03569583032475,6.00069583032475,"SEP"
1991-09-23,"Wellington19871996",5.685,3.093,1.237,NA,0.231,NA,0.0748,7.86239636708453,9.09939636708453,"SEP"
1991-09-30,"Wellington19871996",7.662,4.211,1.394,NA,0.167,NA,0.0308,10.7043488851578,12.0983488851578,"SEP"
1991-10-07,"Wellington19871996",6.024,3.349,1.394,NA,0.249,NA,0.085,8.51314756979182,9.90714756979182,"OCT"
1991-10-14,"Wellington19871996",7.721,4.273,1.497,NA,0.234,NA,0.0637,10.8619526920634,12.3589526920634,"OCT"
1991-10-21,"Wellington19871996",4.994,2.851,1.198,NA,0.279,NA,0.0788,7.2472331207753,8.4452331207753,"OCT"
1991-10-28,"Wellington19871996",2.645,1.659,1.156,NA,0.619,NA,0.177,4.21717283316949,5.37317283316949,"OCT"
1991-11-04,"Wellington19871996",2.484,1.447,0.994,NA,0.224,NA,0.0872,3.67826949342752,4.67226949342752,"NOV"
1991-11-11,"Wellington19871996",5.259,2.946,1.086,NA,0.132,NA,0.0521,7.48872282490496,8.57472282490496,"NOV"
1991-11-18,"Wellington19871996",6.198,3.464,1.554,NA,0.37,NA,0.0879,8.80547721163298,10.359477211633,"NOV"
1991-11-25,"Wellington19871996",5.973,3.349,1.236,NA,0.177,NA,0.0367,8.51314756979182,9.74914756979182,"NOV"
1991-12-02,"Wellington19871996",5.643,3.17,1.324,NA,0.217,NA,0.0765,8.05813012727383,9.38213012727383,"DEC"
1991-12-09,"Wellington19871996",2.847,1.72,1.202,NA,0.4,NA,0.1561,4.37223464318959,5.57423464318959,"DEC"
1991-12-16,"Wellington19871996",4.024,2.369,1.375,NA,0.303,NA,0.1583,6.02199062192799,7.39699062192799,"DEC"
1991-12-24,"Wellington19871996",2.567,1.674,1.3,NA,0.383,NA,0.1995,4.25530278645312,5.55530278645312,"DEC"
1991-12-31,"Wellington19871996",2.297,1.574,0.763,NA,0.101,NA,0.0941,4.00110309789559,4.76410309789559,"DEC"
1992-01-06,"Wellington19871996",3.448,2.124,1.323,NA,0.4,NA,0.2179,5.39920138496203,6.72220138496203,"JAN"
1992-01-13,"Wellington19871996",2.489,1.708,1.316,NA,0.532,NA,0.2435,4.34173068056268,5.65773068056268,"JAN"
1992-01-20,"Wellington19871996",3.236,2.016,1.22,NA,0.569,NA,0.1654,5.12466572131989,6.34466572131989,"JAN"
1992-01-27,"Wellington19871996",3.656,2.168,1.173,NA,0.403,NA,0.1499,5.51104924792734,6.68404924792734,"JAN"
1992-02-03,"Wellington19871996",4.827,2.752,1.107,NA,0.245,NA,0.0656,6.99557542910334,8.10257542910334,"FEB"
1992-02-10,"Wellington19871996",3.634,2.319,1.684,NA,0.707,NA,0.2748,5.89489077764922,7.57889077764922,"FEB"
1992-02-17,"Wellington19871996",5.322,3.097,1.138,NA,0.255,NA,0.1342,7.87256435462683,9.01056435462683,"FEB"
1992-02-24,"Wellington19871996",5.87,3.493,1.308,NA,0.276,NA,0.147,8.87919512131467,10.1871951213147,"FEB"
1992-03-02,"Wellington19871996",5.127,2.948,1.249,NA,0.381,NA,0.1299,7.49380681867611,8.74280681867611,"MAR"
1992-03-09,"Wellington19871996",4.875,2.863,1.453,NA,0.389,NA,0.207,7.2777370834022,8.7307370834022,"MAR"
1992-03-16,"Wellington19871996",8.128,4.515,1.183,NA,0.148,NA,0.0361,11.4771159383727,12.6601159383727,"MAR"
1992-03-24,"Wellington19871996",5.784,3.278,0.942,NA,0.208,NA,0.0561,8.33266579091597,9.27466579091597,"MAR"
1992-03-31,"Wellington19871996",7.981,4.554,1.32,NA,0.255,NA,0.0574,11.5762538169101,12.8962538169101,"MAR"
1992-04-06,"Wellington19871996",4.989,2.891,0.979,NA,0.26,NA,0.0671,7.34891299619831,8.32791299619831,"APR"
1992-04-13,"Wellington19871996",3.764,2.257,1.089,NA,0.677,NA,0.1502,5.73728697074355,6.82628697074355,"APR"
1992-04-20,"Wellington19871996",4.942,2.845,1.137,NA,0.381,NA,0.0727,7.23198113946185,8.36898113946185,"APR"
1992-04-27,"Wellington19871996",4.78,2.768,1.271,NA,0.55,NA,0.1772,7.03624737927255,8.30724737927255,"APR"
1992-05-05,"Wellington19871996",3.861,2.225,0.91,NA,0.293,NA,0.0544,5.65594307040514,6.56594307040514,"MAY"
1992-05-12,"Wellington19871996",4.677,2.657,0.917,NA,0.325,NA,0.0538,6.75408572497368,7.67108572497368,"MAY"
1992-05-18,"Wellington19871996",4.418,2.563,0.711,NA,0.201,NA,0.0323,6.5151380177296,7.2261380177296,"MAY"
1992-05-25,"Wellington19871996",3.289,1.919,0.709,NA,0.322,NA,0.0463,4.87809202341908,5.58709202341908,"MAY"
1992-06-01,"Wellington19871996",1.881,1.351,0.543,NA,0.254,NA,0.0483,3.43423779241229,3.97723779241229,"JUN"
1992-06-08,"Wellington19871996",2.181,1.513,0.636,NA,0.297,NA,0.0839,3.84604128787549,4.48204128787549,"JUN"
1992-06-15,"Wellington19871996",7.046,3.845,1.015,NA,0.122,NA,0.0195,9.77397802503719,10.7889780250372,"JUN"
1992-06-22,"Wellington19871996",2.473,1.383,0.731,NA,0.285,NA,0.0576,3.5155816927507,4.2465816927507,"JUN"
1992-06-29,"Wellington19871996",2.879,1.63,0.712,NA,0.294,NA,0.048,4.14345492348781,4.85545492348781,"JUN"
1992-07-06,"Wellington19871996",6.636,3.716,1.197,NA,0.363,NA,0.0527,9.44606042679797,10.643060426798,"JUL"
1992-07-13,"Wellington19871996",1.263,0.875,0.483,NA,0.24,NA,0.0475,2.22424727487842,2.70724727487842,"JUL"
1992-07-20,"Wellington19871996",2.399,1.759,0.673,NA,0.287,NA,0.0552,4.47137252172703,5.14437252172703,"JUL"
1992-07-27,"Wellington19871996",6.715,3.876,1.079,NA,0.208,NA,0.0293,9.85277992849003,10.93177992849,"JUL"
1992-08-03,"Wellington19871996",4.513,2.631,0.756,NA,0.251,NA,0.0334,6.68799380594872,7.44399380594872,"AUG"
1992-08-10,"Wellington19871996",7.282,3.992,1.178,NA,0.184,NA,0.0338,10.1476515672168,11.3256515672168,"AUG"
1992-08-17,"Wellington19871996",4.32,2.553,0.759,NA,0.261,NA,0.0406,6.48971804887385,7.24871804887385,"AUG"
1992-08-24,"Wellington19871996",5.31,2.996,0.922,NA,0.201,NA,0.0302,7.61582266918373,8.53782266918373,"AUG"
1992-08-31,"Wellington19871996",4.048,2.21,0.828,NA,0.333,NA,0.0706,5.61781311712151,6.44581311712151,"AUG"
1992-09-07,"Wellington19871996",3.089,1.819,0.685,NA,0.269,NA,0.0465,4.62389233486155,5.30889233486155,"SEP"
1992-09-14,"Wellington19871996",2.84,1.576,0.769,NA,0.256,NA,0.0525,4.00618709166674,4.77518709166674,"SEP"
1992-09-21,"Wellington19871996",3.695,2.131,0.682,NA,0.137,NA,0.0337,5.41699536316105,6.09899536316105,"SEP"
1992-09-28,"Wellington19871996",3.606,2.038,0.781,NA,0.257,NA,0.0546,5.18058965280255,5.96158965280255,"SEP"
1992-10-05,"Wellington19871996",4,2.338,0.976,NA,0.269,NA,0.1091,5.94318871847515,6.91918871847515,"OCT"
1992-10-12,"Wellington19871996",3.664,2.153,0.909,NA,0.224,NA,0.0859,5.47291929464371,6.38191929464371,"OCT"
1992-10-19,"Wellington19871996",1.865,1.439,0.695,NA,0.231,NA,0.1499,3.65793351834292,4.35293351834292,"OCT"
1992-10-26,"Wellington19871996",3.564,2.063,0.797,NA,0.197,NA,0.0698,5.24413957494193,6.04113957494193,"OCT"
1992-11-02,"Wellington19871996",2.967,1.791,1.136,NA,0.255,NA,0.1707,4.55271642206544,5.68871642206544,"NOV"
1992-11-09,"Wellington19871996",1.854,1.541,1.232,NA,0.355,NA,0.2713,3.9172172006716,5.1492172006716,"NOV"
1992-11-17,"Wellington19871996",2.541,1.505,0.864,NA,0.179,NA,0.1413,3.82570531279089,4.68970531279089,"NOV"
1992-11-24,"Wellington19871996",2.398,1.737,0.867,NA,0.209,NA,0.139,4.41544859024437,5.28244859024437,"NOV"
1992-11-30,"Wellington19871996",2.2,1.666,1.126,NA,0.386,NA,0.1993,4.23496681136852,5.36096681136852,"NOV"
1992-12-07,"Wellington19871996",2.728,1.594,0.749,NA,0.323,NA,0.0973,4.0519430356071,4.8009430356071,"DEC"
1992-12-14,"Wellington19871996",6.69,3.756,1.366,NA,0.313,NA,0.1082,9.54774030222099,10.913740302221,"DEC"
1992-12-22,"Wellington19871996",2.413,1.408,0.717,NA,0.17,NA,0.0737,3.57913161489008,4.29613161489008,"DEC"
1992-12-29,"Wellington19871996",2.925,1.794,0.949,NA,0.167,NA,0.1074,4.56034241272216,5.50934241272216,"DEC"
1993-01-04,"Wellington19871996",3.227,1.959,0.984,NA,0.166,NA,0.1223,4.9797718988421,5.9637718988421,"JAN"
1993-01-11,"Wellington19871996",6.304,3.695,1.41,NA,0.186,NA,0.0945,9.39267849220089,10.8026784922009,"JAN"
1993-01-18,"Wellington19871996",7.202,4.273,1.781,NA,0.282,NA,0.1347,10.8619526920634,12.6429526920634,"JAN"
1993-01-25,"Wellington19871996",7.924,4.468,1.73,NA,0.28,NA,0.0896,11.3576420847506,13.0876420847506,"JAN"
1993-02-01,"Wellington19871996",5.122,3.522,1.126,NA,0.133,NA,0.086,8.95291303099635,10.0789130309964,"FEB"
1993-02-08,"Wellington19871996",2.585,1.867,1.021,NA,0.374,NA,0.1425,4.74590818536916,5.76690818536916,"FEB"
1993-02-15,"Wellington19871996",2.669,1.856,0.994,NA,0.333,NA,0.1355,4.71794621962784,5.71194621962784,"FEB"
1993-02-24,"Wellington19871996",1.022,0.964,0.76,NA,0.344,NA,0.1508,2.45048499769463,3.21048499769463,"FEB"
1993-03-03,"Wellington19871996",0.64,0.647,0.904,NA,0.419,NA,0.2546,1.64467198496725,2.54867198496725,"MAR"
1993-03-08,"Wellington19871996",4.583,2.992,1.273,NA,0.588,NA,0.1399,7.60565468164142,8.87865468164142,"MAR"
1993-03-15,"Wellington19871996",3.066,2.101,1.102,NA,0.389,NA,0.1663,5.34073545659379,6.44273545659379,"MAR"
1993-03-22,"Wellington19871996",4.879,3.006,1.168,NA,0.365,NA,0.0965,7.64124263803948,8.80924263803948,"MAR"
1993-03-29,"Wellington19871996",3.772,2.393,0.857,NA,0.281,NA,0.053,6.08299854718179,6.93999854718179,"MAR"
1993-04-05,"Wellington19871996",2.403,1.918,0.907,NA,0.307,NA,0.1555,4.87555002653351,5.78255002653351,"APR"
1993-04-12,"Wellington19871996",5.22,3.261,1.165,NA,0.231,NA,0.0784,8.28945184386119,9.45445184386119,"APR"
1993-04-19,"Wellington19871996",3.606,2.268,0.898,NA,0.34,NA,0.062,5.76524893648488,6.66324893648487,"APR"
1993-04-26,"Wellington19871996",1.475,1.212,0.674,NA,0.308,NA,0.0915,3.08090022531731,3.75490022531731,"APR"
1993-05-03,"Wellington19871996",3.466,2.163,0.893,NA,0.21,NA,0.0745,5.49833926349946,6.39133926349946,"MAY"
1993-05-10,"Wellington19871996",4.429,2.835,1.073,NA,0.474,NA,0.0816,7.20656117060609,8.27956117060609,"MAY"
1993-05-17,"Wellington19871996",2.459,1.533,0.626,NA,0.263,NA,0.0439,3.896881225587,4.522881225587,"MAY"
1993-05-24,"Wellington19871996",2.103,1.738,0.657,NA,0.282,NA,0.0645,4.41799058712995,5.07499058712995,"MAY"
1993-05-31,"Wellington19871996",2.798,1.786,0.873,NA,0.411,NA,0.1039,4.54000643763756,5.41300643763756,"MAY"
1993-06-07,"Wellington19871996",4.151,2.548,0.867,NA,0.196,NA,0.053,6.47700806444597,7.34400806444597,"JUN"
1993-06-14,"Wellington19871996",4.828,3.038,0.943,NA,0.237,NA,0.0531,7.72258653837789,8.66558653837789,"JUN"
1993-06-21,"Wellington19871996",5.171,3.036,0.946,NA,0.213,NA,0.0485,7.71750254460674,8.66350254460674,"JUN"
1993-06-30,"Wellington19871996",2.806,1.823,0.785,NA,0.342,NA,0.0889,4.63406032240385,5.41906032240385,"JUN"
1993-07-07,"Wellington19871996",1.587,1.208,0.64,NA,0.208,NA,0.1004,3.07073223777501,3.71073223777501,"JUL"
1993-07-12,"Wellington19871996",1.197,1.017,0.686,NA,0.48,NA,0.1396,2.58521083263012,3.27121083263012,"JUL"
1993-07-19,"Wellington19871996",1.008,0.911,0.721,NA,0.299,NA,0.1767,2.31575916275914,3.03675916275914,"JUL"
1993-07-26,"Wellington19871996",4.861,2.86,1.283,NA,0.528,NA,0.1938,7.27011109274548,8.55311109274548,"JUL"
1993-08-02,"Wellington19871996",1.681,1.246,0.609,NA,0.315,NA,0.0719,3.16732811942688,3.77632811942688,"AUG"
1993-08-09,"Wellington19871996",0.788,0.624,0.52,NA,0.326,NA,0.0772,1.58620605659901,2.10620605659901,"AUG"
1993-08-16,"Wellington19871996",1.658,1.31,0.56,NA,0.167,NA,0.0433,3.3300159201037,3.8900159201037,"AUG"
1993-08-21,"Wellington19871996",4.589,3.537,0.878,NA,0.237,NA,0.0439,8.99104298427998,9.86904298427998,"AUG"
1993-08-25,"Wellington19871996",3.847,3.023,0.954,NA,0.288,NA,0.0808,7.68445658509426,8.63845658509426,"AUG"
1993-09-01,"Wellington19871996",7.938,5.158,1.253,NA,0.154,NA,0.0356,13.1116199357976,14.3646199357976,"SEP"
1993-09-08,"Wellington19871996",4.086,2.921,0.892,NA,0.105,NA,0.0492,7.42517290276557,8.31717290276557,"SEP"
1993-09-13,"Wellington19871996",3.133,2.174,0.544,NA,0.109,NA,0.0343,5.52630122924079,6.07030122924079,"SEP"
1993-09-20,"Wellington19871996",16.363,9.909,2.472,NA,0.252,NA,0.0874,25.1886471391661,27.6606471391661,"SEP"
1993-09-27,"Wellington19871996",10.875,6.847,1.75,NA,0.348,NA,0.0745,17.4050526755344,19.1550526755344,"SEP"
1993-10-04,"Wellington19871996",5.251,3.382,1.391,NA,0.324,NA,0.2192,8.59703346701581,9.98803346701581,"OCT"
1993-10-13,"Wellington19871996",6.762,4.224,1.127,NA,0.179,NA,0.049,10.7373948446702,11.8643948446702,"OCT"
1993-10-23,"Wellington19871996",6.707,4.211,1.2,NA,0.225,NA,0.0672,10.7043488851578,11.9043488851578,"OCT"
1993-10-31,"Wellington19871996",9.964,6.14,2.026,NA,0.226,NA,0.1979,15.6078608774326,17.6338608774326,"OCT"
1993-11-07,"Wellington19871996",3.326,2.236,0.776,NA,0.236,NA,0.0813,5.68390503614647,6.45990503614647,"NOV"
1993-11-14,"Wellington19871996",11.297,6.9,1.768,NA,0.302,NA,0.0846,17.5397785104699,19.3077785104699,"NOV"
1993-11-21,"Wellington19871996",11.033,6.688,1.647,NA,0.167,NA,0.0552,17.0008751707279,18.6478751707279,"NOV"
1993-11-28,"Wellington19871996",6.802,4.182,1.215,NA,0.181,NA,0.0574,10.6306309754761,11.8456309754761,"NOV"
1993-12-05,"Wellington19871996",10.65,6.884,1.625,NA,0.188,NA,0.0615,17.4991065603007,19.1241065603007,"DEC"
1993-12-12,"Wellington19871996",7.191,4.562,1.481,NA,0.199,NA,0.1764,11.5965897919947,13.0775897919947,"DEC"
1993-12-18,"Wellington19871996",2.811,1.852,0.837,NA,0.103,NA,0.1492,4.70777823208553,5.54477823208553,"DEC"
1993-12-26,"Wellington19871996",4.963,3.103,1.205,NA,0.221,NA,0.174,7.88781633594029,9.09281633594029,"DEC"
1994-01-03,"Wellington19871996",4.853,3.096,1.287,NA,0.19,NA,0.1802,7.87002235774126,9.15702235774126,"JAN"
1994-01-09,"Wellington19871996",4.245,2.796,1.188,NA,0.129,NA,0.1908,7.10742329206866,8.29542329206866,"JAN"
1994-01-16,"Wellington19871996",5.489,3.369,1.223,NA,0.295,NA,0.1505,8.56398750750333,9.78698750750333,"JAN"
1994-01-23,"Wellington19871996",6.444,4.182,1.544,NA,0.204,NA,0.1543,10.6306309754761,12.1746309754761,"JAN"
1994-01-30,"Wellington19871996",12.41,7.851,2.008,NA,0.206,NA,0.1341,19.957217548652,21.965217548652,"JAN"
1994-02-05,"Wellington19871996",9.745,6.066,1.665,NA,0.363,NA,0.1417,15.4197531079,17.0847531079,"FEB"
1994-02-12,"Wellington19871996",5.092,3.404,1.311,NA,0.331,NA,0.1861,8.65295739849847,9.96395739849847,"FEB"
1994-02-20,"Wellington19871996",2.473,1.764,0.874,NA,0.35,NA,0.1501,4.4840825061549,5.3580825061549,"FEB"
1994-02-27,"Wellington19871996",3.016,2.131,1.194,NA,0.43,NA,0.2181,5.41699536316105,6.61099536316105,"FEB"
1994-03-06,"Wellington19871996",14.007,8.399,2.295,NA,0.228,NA,0.0814,21.3502318419473,23.6452318419473,"MAR"
1994-03-17,"Wellington19871996",8.572,5.238,1.344,NA,0.227,NA,0.0602,13.3149796866436,14.6589796866436,"MAR"
1994-03-27,"Wellington19871996",24.333,14.789,3.694,NA,0.542,NA,0.1497,37.5935919407737,41.2875919407737,"MAR"
1994-04-02,"Wellington19871996",10.761,6.891,1.924,NA,0.465,NA,0.1323,17.5169005384997,19.4409005384997,"APR"
1994-04-09,"Wellington19871996",2.678,1.99,0.896,NA,0.555,NA,0.1462,5.05857380229493,5.95457380229493,"APR"
1994-04-16,"Wellington19871996",11.385,7.105,1.803,NA,0.241,NA,0.0994,18.0608878720128,19.8638878720128,"APR"
1994-04-23,"Wellington19871996",8.615,5.502,1.254,NA,0.255,NA,0.0583,13.9860668644355,15.2400668644355,"APR"
1994-05-01,"Wellington19871996",2.849,2.173,1.221,NA,0.656,NA,0.2209,5.52375923235522,6.74475923235522,"MAY"
1994-05-07,"Wellington19871996",5.757,3.681,1.251,NA,0.452,NA,0.1649,9.35709053580283,10.6080905358028,"MAY"
1994-05-14,"Wellington19871996",12.251,7.495,1.71,NA,0.146,NA,0.0394,19.0522666573872,20.7622666573872,"MAY"
1994-05-23,"Wellington19871996",5.772,3.762,1.102,NA,0.321,NA,0.1021,9.56299228353444,10.6649922835344,"MAY"
1994-05-30,"Wellington19871996",11.289,6.801,1.635,NA,0.113,NA,0.0361,17.2881208187979,18.9231208187979,"MAY"
1994-06-05,"Wellington19871996",8.979,5.39,1.364,NA,0.229,NA,0.0475,13.7013632132511,15.0653632132511,"JUN"
1994-06-12,"Wellington19871996",7.385,4.474,1.114,NA,0.155,NA,0.0418,11.3728940660641,12.4868940660641,"JUN"
1994-06-18,"Wellington19871996",1.588,1.199,0.341,NA,0.075,NA,0.0283,3.04785426580484,3.38885426580484,"JUN"
1994-06-26,"Wellington19871996",7.877,4.632,1.12,NA,0.138,NA,0.028,11.774529573985,12.894529573985,"JUN"
1994-07-03,"Wellington19871996",12.433,7.54,1.961,NA,0.156,NA,0.0609,19.1666565172381,21.1276565172381,"JUL"
1994-07-09,"Wellington19871996",12.822,7.714,1.718,NA,0.14,NA,0.0316,19.6089639753282,21.3269639753282,"JUL"
1994-07-16,"Wellington19871996",3.234,2.073,0.61,NA,0.175,NA,0.0503,5.26955954379768,5.87955954379768,"JUL"
1994-07-23,"Wellington19871996",3.658,2.161,0.59,NA,0.076,NA,0.0257,5.49325526972831,6.08325526972831,"JUL"
1994-08-02,"Wellington19871996",2.757,1.69,0.543,NA,0.18,NA,0.0482,4.29597473662233,4.83897473662233,"AUG"
1994-08-11,"Wellington19871996",6.841,4.049,0.92,NA,0.086,NA,0.0246,10.2925453896946,11.2125453896946,"AUG"
1994-08-19,"Wellington19871996",3.176,2.057,0.537,NA,0.12,NA,0.0326,5.22888759362848,5.76588759362848,"AUG"
1994-08-28,"Wellington19871996",5.157,3.289,0.961,NA,0.29,NA,0.0752,8.3606277566573,9.3216277566573,"AUG"
1994-09-05,"Wellington19871996",6.943,4.282,1.083,NA,0.239,NA,0.0577,10.8848306640336,11.9678306640336,"SEP"
1994-09-12,"Wellington19871996",16.795,9.767,2.542,NA,0.432,NA,0.1224,24.8276835814144,27.3696835814144,"SEP"
1994-09-18,"Wellington19871996",3.353,2.268,1.206,NA,0.331,NA,0.1827,5.76524893648488,6.97124893648487,"SEP"
1994-09-25,"Wellington19871996",9.047,5.708,1.301,NA,0.278,NA,0.0568,14.5097182228641,15.8107182228641,"SEP"
1994-10-01,"Wellington19871996",15.248,9.314,2.14,NA,0.181,NA,0.0511,23.6761589922487,25.8161589922487,"OCT"
1994-10-08,"Wellington19871996",6.623,4.168,1.231,NA,0.394,NA,0.094,10.595043019078,11.826043019078,"OCT"
1994-10-16,"Wellington19871996",13.149,8.155,1.738,NA,0.144,NA,0.0357,20.7299846018669,22.4679846018669,"OCT"
1994-10-23,"Wellington19871996",6.527,4.203,1.317,NA,0.36,NA,0.1011,10.6840129100732,12.0010129100732,"OCT"
1994-10-31,"Wellington19871996",4.575,3.036,1.224,NA,0.481,NA,0.1577,7.71750254460674,8.94150254460674,"OCT"
1994-11-06,"Wellington19871996",2.479,2.013,1.165,NA,0.119,NA,0.221,5.11703973066316,6.28203973066316,"NOV"
1994-11-13,"Wellington19871996",5.47,3.189,0.983,NA,0.108,NA,0.0796,8.10642806809977,9.08942806809977,"NOV"
1994-11-20,"Wellington19871996",9.758,5.751,1.295,NA,0.098,NA,0.0494,14.6190240889438,15.9140240889438,"NOV"
1994-11-26,"Wellington19871996",6.826,3.971,1.102,NA,0.194,NA,0.0894,10.0942696326197,11.1962696326197,"NOV"
1994-12-03,"Wellington19871996",8.759,5.198,1.559,NA,0.293,NA,0.1271,13.2132998112206,14.7722998112206,"DEC"
1994-12-14,"Wellington19871996",6.321,3.895,1.533,NA,0.338,NA,0.1637,9.90107786931596,11.434077869316,"DEC"
1994-12-26,"Wellington19871996",10.131,5.902,1.627,NA,0.247,NA,0.0951,15.0028656186657,16.6298656186657,"DEC"
1995-01-05,"Wellington19871996",3.408,2.128,0.749,NA,0.052,NA,0.0755,5.40936937250433,6.15836937250433,"JAN"
1995-01-13,"Wellington19871996",2.718,1.8,0.856,NA,0.341,NA,0.1555,4.57559439403562,5.43159439403562,"JAN"
1995-01-22,"Wellington19871996",3.76,2.22,1.209,NA,0.382,NA,0.1775,5.64323308597726,6.85223308597726,"JAN"
1995-01-29,"Wellington19871996",18.299,10.734,2.83,NA,0.573,NA,0.1541,27.2857945697657,30.1157945697657,"JAN"
1995-02-05,"Wellington19871996",4.891,2.922,1.007,NA,0.314,NA,0.1073,7.42771489965115,8.43471489965115,"FEB"
1995-02-18,"Wellington19871996",NA,NA,NA,NA,NA,NA,NA,NA,0,"FEB"
1995-03-04,"Wellington19871996",5.397,3.306,1.06,NA,0.237,NA,0.0633,8.40384170371208,9.46384170371208,"MAR"
1995-03-13,"Wellington19871996",15.767,9.001,3.168,NA,0.697,NA,0.1068,22.8805139670637,26.0485139670637,"MAR"
1995-03-22,"Wellington19871996",6.505,3.858,1.079,NA,0.207,NA,0.1839,9.80702398454967,10.8860239845497,"MAR"
1995-03-31,"Wellington19871996",3.1,1.972,0.739,NA,0.295,NA,0.1262,5.01281785835458,5.75181785835457,"MAR"
1995-04-08,"Wellington19871996",4.165,2.349,0.822,NA,0.289,NA,0.0808,5.97115068421648,6.79315068421648,"APR"
1995-04-16,"Wellington19871996",9.277,5.301,1.699,NA,0.434,NA,0.1291,13.4751254904349,15.1741254904349,"APR"
1995-04-23,"Wellington19871996",3.192,2.017,0.963,NA,0.4,NA,0.1646,5.12720771820546,6.09020771820546,"APR"
1995-04-30,"Wellington19871996",9.168,4.938,1.412,NA,0.199,NA,0.0644,12.552380620971,13.964380620971,"APR"
1995-05-07,"Wellington19871996",9.49,5.182,1.475,NA,0.153,NA,0.0542,13.1726278610514,14.6476278610514,"MAY"
1995-05-14,"Wellington19871996",4.491,2.623,0.89,NA,0.316,NA,0.0849,6.66765783086412,7.55765783086412,"MAY"
1995-05-20,"Wellington19871996",14.706,8.202,2.217,NA,0.476,NA,0.1177,20.849458455489,23.066458455489,"MAY"
1995-05-26,"Wellington19871996",3.935,2.376,0.859,NA,0.251,NA,0.0842,6.03978460012701,6.89878460012701,"MAY"
1995-06-06,"Wellington19871996",13.36,6.971,1.865,NA,0.249,NA,0.0479,17.7202602893457,19.5852602893457,"JUN"
1995-06-17,"Wellington19871996",8.951,5.263,1.273,NA,0.094,NA,0.033,13.378529608783,14.651529608783,"JUN"
1995-06-27,"Wellington19871996",9.037,4.892,1.222,NA,0.209,NA,0.0302,12.4354487642346,13.6574487642346,"JUN"
1995-07-10,"Wellington19871996",5.904,3.409,0.846,NA,0.14,NA,0.022,8.66566738292634,9.51166738292634,"JUL"
1995-07-22,"Wellington19871996",8.257,4.671,1.136,NA,0.118,NA,0.02,11.8736674525224,13.0096674525224,"JUL"
1995-07-30,"Wellington19871996",15.901,9.346,2.26,NA,0.256,NA,0.0431,23.7575028925871,26.0175028925871,"JUL"
1995-08-05,"Wellington19871996",10.898,6.363,1.541,NA,0.19,NA,0.0727,16.1747261829159,17.7157261829159,"AUG"
1995-08-13,"Wellington19871996",7.884,4.729,1.106,NA,0.218,NA,0.0651,12.0211032718858,13.1271032718858,"AUG"
1995-08-21,"Wellington19871996",5.662,3.387,0.813,NA,0.11,NA,0.06,8.60974345144368,9.42274345144368,"AUG"
1995-08-28,"Wellington19871996",NA,NA,NA,NA,NA,NA,NA,NA,0,"AUG"
1995-09-04,"Wellington19871996",NA,NA,NA,NA,NA,NA,NA,NA,0,"SEP"
1995-09-12,"Wellington19871996",9.077,5.353,1.339,NA,0.194,NA,0.0661,13.6073093284848,14.9463093284848,"SEP"
1995-09-23,"Wellington19871996",4.756,2.888,0.859,NA,0.173,NA,0.1033,7.34128700554159,8.20028700554159,"SEP"
1995-10-04,"Wellington19871996",7.066,4.174,1.304,NA,0.307,NA,0.1472,10.6102950003915,11.9142950003915,"OCT"
1995-10-14,"Wellington19871996",10.705,6.178,1.522,NA,0.18,NA,0.0743,15.7044567590845,17.2264567590845,"OCT"
1995-10-22,"Wellington19871996",9.823,5.816,1.509,NA,0.317,NA,0.1309,14.7842538865062,16.2932538865062,"OCT"
1995-10-28,"Wellington19871996",3.105,2.025,2.08,NA,0.46,NA,0.4601,5.14754369329007,7.22754369329007,"OCT"
1995-11-07,"Wellington19871996",7.986,4.653,1.329,NA,0.25,NA,0.1119,11.8279115085821,13.1569115085821,"NOV"
1995-11-14,"Wellington19871996",13.119,7.727,1.956,NA,0.352,NA,0.1661,19.6420099348407,21.5980099348407,"NOV"
1995-11-20,"Wellington19871996",8.744,5.226,1.628,NA,0.317,NA,0.1389,13.2844757240167,14.9124757240167,"NOV"
1995-11-27,"Wellington19871996",5.059,3.129,1.094,NA,0.258,NA,0.1084,7.95390825496525,9.04790825496524,"NOV"
1995-12-04,"Wellington19871996",1.898,1.417,1.776,NA,0.232,NA,0.4225,3.60200958686026,5.37800958686026,"DEC"
1995-12-13,"Wellington19871996",5.763,3.504,1.571,NA,0.292,NA,0.2235,8.907157087056,10.478157087056,"DEC"
1995-12-26,"Wellington19871996",5.838,3.736,1.267,NA,0.233,NA,0.1427,9.49690036450948,10.7639003645095,"DEC"
1996-01-07,"Wellington19871996",NA,NA,NA,NA,NA,NA,NA,NA,0,"JAN"
1996-01-15,"Wellington19871996",4.516,3.967,1.353,NA,0.211,NA,0.2631,10.0841016450774,11.4371016450774,"JAN"
1996-01-21,"Wellington19871996",4.398,2.899,1.278,NA,0.348,NA,0.2248,7.36924897128292,8.64724897128292,"JAN"
1996-01-27,"Wellington19871996",11.516,6.962,1.993,NA,0.133,NA,0.1298,17.6973823173755,19.6903823173755,"JAN"
1996-02-03,"Wellington19871996",3.636,2.48,1.16,NA,0.367,NA,0.1988,6.30415227622685,7.46415227622685,"FEB"
1996-02-11,"Wellington19871996",6.392,3.98,1.441,NA,0.29,NA,0.1854,10.1171476045899,11.5581476045899,"FEB"
1996-02-19,"Wellington19871996",8.633,5.337,1.544,NA,0.238,NA,0.1313,13.5666373783156,15.1106373783156,"FEB"
1996-02-26,"Wellington19871996",12.738,8.038,2.076,NA,0.495,NA,0.1588,20.4325709662546,22.5085709662546,"FEB"
1996-03-03,"Wellington19871996",10.159,6.133,1.816,NA,0.183,NA,0.1689,15.5900668992336,17.4060668992336,"MAR"
1996-03-09,"Wellington19871996",10.85,6.449,1.855,NA,0.307,NA,0.1411,16.3933379150754,18.2483379150754,"MAR"
1996-03-17,"Wellington19871996",4.892,2.976,0.845,NA,0.15,NA,0.0784,7.56498273147222,8.40998273147222,"MAR"
1996-03-27,"Wellington19871996",14.289,8.555,2.348,NA,0.641,NA,0.1572,21.7467833560971,24.0947833560971,"MAR"
1996-04-06,"Wellington19871996",5.081,3.202,0.876,NA,0.188,NA,0.0821,8.13947402761224,9.01547402761224,"APR"
1996-04-15,"Wellington19871996",5.414,3.336,1.163,NA,0.516,NA,0.1682,8.48010161027934,9.64310161027934,"APR"
1996-04-26,"Wellington19871996",7.471,4.025,1.374,NA,0.301,NA,0.0875,10.2315374644408,11.6055374644408,"APR"
1996-05-06,"Wellington19871996",7.989,4.344,1.325,NA,0.238,NA,0.0724,11.0424344709393,12.3674344709393,"MAY"
1996-05-13,"Wellington19871996",8.179,4.432,1.266,NA,0.203,NA,0.0377,11.2661301968699,12.5321301968699,"MAY"
1996-05-20,"Wellington19871996",3.683,2.137,0.917,NA,0.354,NA,0.1536,5.43224734447451,6.34924734447451,"MAY"
1996-05-26,"Wellington19871996",8.141,4.405,1.202,NA,0.117,NA,0.0402,11.1974962809594,12.3994962809594,"MAY"
1996-06-10,"Wellington19871996",8.906,4.858,1.242,NA,0.208,NA,0.0497,12.349020870125,13.591020870125,"JUN"
1996-06-30,"Wellington19871996",3.494,2.029,0.599,NA,0.059,NA,0.0272,5.15771168083237,5.75671168083237,"JUN"
1996-07-14,"Wellington19871996",8.192,4.423,1.499,NA,0.213,NA,0.0887,11.2432522248997,12.7422522248997,"JUL"
1996-07-22,"Wellington19871996",5.937,3.082,0.946,NA,0.195,NA,0.1527,7.8344344013432,8.78043440134321,"JUL"
1996-08-01,"Wellington19871996",9.286,5.099,1.4,NA,0.202,NA,0.0658,12.9616421195487,14.3616421195487,"AUG"
1996-08-11,"Wellington19871996",9.304,5.064,1.479,NA,0.268,NA,0.0762,12.8726722285535,14.3516722285535,"AUG"
1996-08-19,"Wellington19871996",7.888,4.295,1.273,NA,0.154,NA,0.067,10.9178766235461,12.1908766235461,"AUG"
1996-08-26,"Wellington19871996",1.719,1.105,0.369,NA,0.094,NA,0.0369,2.80890655856075,3.17790655856075,"AUG"
1996-09-02,"Wellington19871996",7.092,3.711,1.235,NA,0.268,NA,0.0729,9.4333504423701,10.6683504423701,"SEP"
1996-09-11,"Wellington19871996",2.962,1.727,0.698,NA,0.192,NA,0.0775,4.39002862138862,5.08802862138862,"SEP"
1996-09-29,"Wellington19871996",4.287,2.397,1.113,NA,0.323,NA,0.0921,6.09316653472409,7.20616653472409,"SEP"
1996-10-16,"Wellington19871996",5.481,3.1,1.126,NA,0.181,NA,0.1054,7.88019034528356,9.00619034528356,"OCT"
1996-10-25,"Wellington19871996",5.942,3.244,1.24,NA,0.291,NA,0.1129,8.24623789680641,9.48623789680641,"OCT"
1996-11-01,"Wellington19871996",7.253,3.914,1.285,NA,0.165,NA,0.0818,9.94937581014189,11.2343758101419,"NOV"
